{
  "기간": "데이터 파일 기준(기간 컬럼 없으면 생략 가능)",
  "청주시": {
    "사고건수": 5076,
    "사상자합계": 8247,
    "심각도_건수": {
      "사망": 86,
      "중상": 1623,
      "경상": 6298,
      "부상신고": 240
    },
    "심각도_비율": {
      "사망": 0.010428034436764884,
      "중상": 0.19679883594034195,
      "경상": 0.7636716381714563,
      "부상신고": 0.029101491451436885
    }
  },
  "전국": {
    "사상자합계_추정(사망+중상+경상+부상신고)": 326818,
    "심각도_건수": {
      "사망": 3781,
      "중상": 74258,
      "경상": 227511,
      "부상신고": 21268
    },
    "심각도_비율": {
      "사망": 0.011569130219265769,
      "중상": 0.2272151472685103,
      "경상": 0.6961397475047274,
      "부상신고": 0.06507597500749653
    }
  },
  "비교_포인트": {
    "청주_vs_전국_심각도비율_차이(청주-전국)": {
      "사망": -0.0011410957825008852,
      "중상": -0.030416311328168355,
      "경상": 0.06753189066672893,
      "부상신고": -0.035974483556059644
    }
  }
}