section,n_articles,n_comments,pos_ratio,neu_ratio,neg_ratio,hate_ratio,sentiment_score,risk_score
사회,35,134,0.055714285714285716,0.8614285714285714,0.08285714285714285,0.012857142857142857,-0.027142857142857146,5.292857142857143
스포츠,24,71,0.07916666666666666,0.8986111111111111,0.022222222222222223,0.0,0.05694444444444444,1.3333333333333333
